station,time,jour
auber,5:34,semaine
auber,5:41,semaine
auber,5:49,semaine
auber,5:56,semaine
auber,6:02,semaine
auber,6:08,semaine
auber,6:13,semaine
auber,6:17,semaine
auber,6:21,semaine
auber,6:25,semaine
auber,6:29,semaine
auber,6:33,semaine
auber,6:36,semaine
auber,6:41,semaine
auber,6:45,semaine
auber,6:48,semaine
auber,6:51,semaine
auber,6:54,semaine
auber,6:56,semaine
auber,6:59,semaine
auber,7:03,semaine
auber,7:06,semaine
auber,7:10,semaine
auber,7:14,semaine
auber,7:18,semaine
auber,7:21,semaine
auber,7:24,semaine
auber,7:27,semaine
auber,7:30,semaine
auber,7:34,semaine
auber,7:36,semaine
auber,7:39,semaine
auber,7:41,semaine
auber,7:43,semaine
auber,7:46,semaine
auber,7:48,semaine
auber,7:50,semaine
auber,7:53,semaine
auber,7:55,semaine
auber,7:57,semaine
auber,8:00,semaine
auber,8:02,semaine
auber,8:04,semaine
auber,8:07,semaine
auber,8:09,semaine
auber,8:11,semaine
auber,8:14,semaine
auber,8:16,semaine
auber,8:18,semaine
auber,8:21,semaine
auber,8:23,semaine
auber,8:25,semaine
auber,8:28,semaine
auber,8:30,semaine
auber,8:32,semaine
auber,8:35,semaine
auber,8:37,semaine
auber,8:39,semaine
auber,8:42,semaine
auber,8:44,semaine
auber,8:46,semaine
auber,8:49,semaine
auber,8:51,semaine
auber,8:53,semaine
auber,8:56,semaine
auber,8:58,semaine
auber,9:00,semaine
auber,9:03,semaine
auber,9:05,semaine
auber,9:07,semaine
auber,9:10,semaine
auber,9:12,semaine
auber,9:14,semaine
auber,9:17,semaine
auber,9:19,semaine
auber,9:21,semaine
auber,9:24,semaine
auber,9:26,semaine
auber,9:28,semaine
auber,9:31,semaine
auber,9:33,semaine
auber,9:35,semaine
auber,9:38,semaine
auber,9:41,semaine
auber,9:43,semaine
auber,9:45,semaine
auber,9:48,semaine
auber,9:51,semaine
auber,9:55,semaine
auber,9:59,semaine
auber,10:03,semaine
auber,10:07,semaine
auber,10:11,semaine
auber,10:15,semaine
auber,10:19,semaine
auber,10:23,semaine
auber,10:27,semaine
auber,10:31,semaine
auber,10:35,semaine
auber,10:39,semaine
auber,10:43,semaine
auber,10:47,semaine
auber,10:51,semaine
auber,10:55,semaine
auber,10:59,semaine
auber,11:03,semaine
auber,11:07,semaine
auber,11:11,semaine
auber,11:15,semaine
auber,11:19,semaine
auber,11:23,semaine
auber,11:27,semaine
auber,11:31,semaine
auber,11:35,semaine
auber,11:39,semaine
auber,11:43,semaine
auber,11:47,semaine
auber,11:51,semaine
auber,11:55,semaine
auber,11:59,semaine
auber,12:03,semaine
auber,12:07,semaine
auber,12:11,semaine
auber,12:15,semaine
auber,12:19,semaine
auber,12:23,semaine
auber,12:27,semaine
auber,12:31,semaine
auber,12:35,semaine
auber,12:39,semaine
auber,12:43,semaine
auber,12:47,semaine
auber,12:51,semaine
auber,12:55,semaine
auber,12:59,semaine
auber,13:03,semaine
auber,13:07,semaine
auber,13:11,semaine
auber,13:15,semaine
auber,13:19,semaine
auber,13:23,semaine
auber,13:27,semaine
auber,13:31,semaine
auber,13:35,semaine
auber,13:39,semaine
auber,13:43,semaine
auber,13:47,semaine
auber,13:51,semaine
auber,13:55,semaine
auber,13:59,semaine
auber,14:03,semaine
auber,14:07,semaine
auber,14:11,semaine
auber,14:15,semaine
auber,14:19,semaine
auber,14:23,semaine
auber,14:27,semaine
auber,14:31,semaine
auber,14:35,semaine
auber,14:39,semaine
auber,14:43,semaine
auber,14:47,semaine
auber,14:51,semaine
auber,14:55,semaine
auber,14:59,semaine
auber,15:03,semaine
auber,15:07,semaine
auber,15:11,semaine
auber,15:15,semaine
auber,15:19,semaine
auber,15:23,semaine
auber,15:27,semaine
auber,15:31,semaine
auber,15:35,semaine
auber,15:39,semaine
auber,15:43,semaine
auber,15:47,semaine
auber,15:51,semaine
auber,15:55,semaine
auber,15:59,semaine
auber,16:03,semaine
auber,16:07,semaine
auber,16:11,semaine
auber,16:15,semaine
auber,16:19,semaine
auber,16:23,semaine
auber,16:27,semaine
auber,16:31,semaine
auber,16:35,semaine
auber,16:38,semaine
auber,16:42,semaine
auber,16:47,semaine
auber,16:50,semaine
auber,16:53,semaine
auber,16:55,semaine
auber,16:58,semaine
auber,17:00,semaine
auber,17:03,semaine
auber,17:05,semaine
auber,17:08,semaine
auber,17:10,semaine
auber,17:13,semaine
auber,17:15,semaine
auber,17:18,semaine
auber,17:20,semaine
auber,17:23,semaine
auber,17:25,semaine
auber,17:28,semaine
auber,17:30,semaine
auber,17:33,semaine
auber,17:35,semaine
auber,17:38,semaine
auber,17:40,semaine
auber,17:43,semaine
auber,17:45,semaine
auber,17:48,semaine
auber,17:50,semaine
auber,17:53,semaine
auber,17:55,semaine
auber,17:58,semaine
auber,18:00,semaine
auber,18:03,semaine
auber,18:05,semaine
auber,18:08,semaine
auber,18:10,semaine
auber,18:13,semaine
auber,18:15,semaine
auber,18:18,semaine
auber,18:20,semaine
auber,18:23,semaine
auber,18:25,semaine
auber,18:28,semaine
auber,18:30,semaine
auber,18:33,semaine
auber,18:35,semaine
auber,18:38,semaine
auber,18:40,semaine
auber,18:43,semaine
auber,18:45,semaine
auber,18:48,semaine
auber,18:50,semaine
auber,18:53,semaine
auber,18:55,semaine
auber,18:58,semaine
auber,19:00,semaine
auber,19:03,semaine
auber,19:05,semaine
auber,19:08,semaine
auber,19:10,semaine
auber,19:13,semaine
auber,19:15,semaine
auber,19:18,semaine
auber,19:20,semaine
auber,19:23,semaine
auber,19:25,semaine
auber,19:28,semaine
auber,19:30,semaine
auber,19:33,semaine
auber,19:35,semaine
auber,19:38,semaine
auber,19:40,semaine
auber,19:43,semaine
auber,19:45,semaine
auber,19:48,semaine
auber,19:51,semaine
auber,19:55,semaine
auber,19:58,semaine
auber,20:01,semaine
auber,20:05,semaine
auber,20:09,semaine
auber,20:13,semaine
auber,20:16,semaine
auber,20:20,semaine
auber,20:23,semaine
auber,20:28,semaine
auber,20:33,semaine
auber,20:38,semaine
auber,20:43,semaine
auber,20:48,semaine
auber,20:53,semaine
auber,20:58,semaine
auber,21:03,semaine
auber,21:08,semaine
auber,21:13,semaine
auber,21:18,semaine
auber,21:23,semaine
auber,21:28,semaine
auber,21:33,semaine
auber,21:41,semaine
auber,21:48,semaine
auber,21:56,semaine
auber,22:03,semaine
auber,22:11,semaine
auber,22:18,semaine
auber,22:25,semaine
auber,22:33,semaine
auber,22:41,semaine
auber,22:48,semaine
auber,22:56,semaine
auber,23:03,semaine
auber,23:11,semaine
auber,23:18,semaine
auber,23:26,semaine
auber,23:33,semaine
auber,23:41,semaine
auber,23:48,semaine
auber,23:56,semaine
auber,0:03,semaine
auber,0:10,semaine
auber,0:16,semaine
auber,0:22,semaine
auber,0:28,semaine
auber,0:36,semaine
auber,0:43,semaine
auber,0:48,semaine
auber,0:58,semaine
auber,1:05,semaine
chatelet,5:32,semaine
chatelet,5:39,semaine
chatelet,5:47,semaine
chatelet,5:54,semaine
chatelet,6:00,semaine
chatelet,6:06,semaine
chatelet,6:10,semaine
chatelet,6:15,semaine
chatelet,6:19,semaine
chatelet,6:23,semaine
chatelet,6:26,semaine
chatelet,6:30,semaine
chatelet,6:34,semaine
chatelet,6:39,semaine
chatelet,6:42,semaine
chatelet,6:45,semaine
chatelet,6:49,semaine
chatelet,6:51,semaine
chatelet,6:54,semaine
chatelet,6:57,semaine
chatelet,7:00,semaine
chatelet,7:03,semaine
chatelet,7:07,semaine
chatelet,7:11,semaine
chatelet,7:15,semaine
chatelet,7:18,semaine
chatelet,7:21,semaine
chatelet,7:24,semaine
chatelet,7:27,semaine
chatelet,7:31,semaine
chatelet,7:34,semaine
chatelet,7:36,semaine
chatelet,7:38,semaine
chatelet,7:41,semaine
chatelet,7:43,semaine
chatelet,7:45,semaine
chatelet,7:48,semaine
chatelet,7:50,semaine
chatelet,7:52,semaine
chatelet,7:55,semaine
chatelet,7:57,semaine
chatelet,7:59,semaine
chatelet,8:02,semaine
chatelet,8:04,semaine
chatelet,8:06,semaine
chatelet,8:09,semaine
chatelet,8:11,semaine
chatelet,8:13,semaine
chatelet,8:16,semaine
chatelet,8:18,semaine
chatelet,8:20,semaine
chatelet,8:23,semaine
chatelet,8:25,semaine
chatelet,8:27,semaine
chatelet,8:30,semaine
chatelet,8:32,semaine
chatelet,8:34,semaine
chatelet,8:37,semaine
chatelet,8:39,semaine
chatelet,8:41,semaine
chatelet,8:43,semaine
chatelet,8:46,semaine
chatelet,8:48,semaine
chatelet,8:51,semaine
chatelet,8:53,semaine
chatelet,8:55,semaine
chatelet,8:58,semaine
chatelet,9:00,semaine
chatelet,9:02,semaine
chatelet,9:05,semaine
chatelet,9:07,semaine
chatelet,9:09,semaine
chatelet,9:12,semaine
chatelet,9:14,semaine
chatelet,9:16,semaine
chatelet,9:19,semaine
chatelet,9:21,semaine
chatelet,9:23,semaine
chatelet,9:26,semaine
chatelet,9:28,semaine
chatelet,9:30,semaine
chatelet,9:33,semaine
chatelet,9:35,semaine
chatelet,9:38,semaine
chatelet,9:40,semaine
chatelet,9:42,semaine
chatelet,9:45,semaine
chatelet,9:48,semaine
chatelet,9:52,semaine
chatelet,9:56,semaine
chatelet,10:00,semaine
chatelet,10:04,semaine
chatelet,10:08,semaine
chatelet,10:12,semaine
chatelet,10:16,semaine
chatelet,10:20,semaine
chatelet,10:24,semaine
chatelet,10:28,semaine
chatelet,10:32,semaine
chatelet,10:36,semaine
chatelet,10:40,semaine
chatelet,10:44,semaine
chatelet,10:48,semaine
chatelet,10:52,semaine
chatelet,10:56,semaine
chatelet,11:00,semaine
chatelet,11:04,semaine
chatelet,11:08,semaine
chatelet,11:12,semaine
chatelet,11:16,semaine
chatelet,11:20,semaine
chatelet,11:24,semaine
chatelet,11:28,semaine
chatelet,11:32,semaine
chatelet,11:36,semaine
chatelet,11:40,semaine
chatelet,11:44,semaine
chatelet,11:48,semaine
chatelet,11:52,semaine
chatelet,11:56,semaine
chatelet,12:00,semaine
chatelet,12:04,semaine
chatelet,12:08,semaine
chatelet,12:12,semaine
chatelet,12:16,semaine
chatelet,12:20,semaine
chatelet,12:24,semaine
chatelet,12:28,semaine
chatelet,12:32,semaine
chatelet,12:36,semaine
chatelet,12:40,semaine
chatelet,12:44,semaine
chatelet,12:48,semaine
chatelet,12:52,semaine
chatelet,12:56,semaine
chatelet,13:00,semaine
chatelet,13:04,semaine
chatelet,13:08,semaine
chatelet,13:12,semaine
chatelet,13:16,semaine
chatelet,13:20,semaine
chatelet,13:24,semaine
chatelet,13:28,semaine
chatelet,13:32,semaine
chatelet,13:36,semaine
chatelet,13:40,semaine
chatelet,13:44,semaine
chatelet,13:48,semaine
chatelet,13:52,semaine
chatelet,13:56,semaine
chatelet,14:00,semaine
chatelet,14:04,semaine
chatelet,14:08,semaine
chatelet,14:12,semaine
chatelet,14:16,semaine
chatelet,14:20,semaine
chatelet,14:24,semaine
chatelet,14:28,semaine
chatelet,14:32,semaine
chatelet,14:36,semaine
chatelet,14:40,semaine
chatelet,14:44,semaine
chatelet,14:48,semaine
chatelet,14:52,semaine
chatelet,14:56,semaine
chatelet,15:00,semaine
chatelet,15:04,semaine
chatelet,15:08,semaine
chatelet,15:12,semaine
chatelet,15:16,semaine
chatelet,15:20,semaine
chatelet,15:24,semaine
chatelet,15:28,semaine
chatelet,15:32,semaine
chatelet,15:36,semaine
chatelet,15:40,semaine
chatelet,15:44,semaine
chatelet,15:48,semaine
chatelet,15:52,semaine
chatelet,15:56,semaine
chatelet,16:00,semaine
chatelet,16:04,semaine
chatelet,16:08,semaine
chatelet,16:12,semaine
chatelet,16:16,semaine
chatelet,16:20,semaine
chatelet,16:24,semaine
chatelet,16:28,semaine
chatelet,16:32,semaine
chatelet,16:36,semaine
chatelet,16:40,semaine
chatelet,16:44,semaine
chatelet,16:47,semaine
chatelet,16:50,semaine
chatelet,16:52,semaine
chatelet,16:55,semaine
chatelet,16:57,semaine
chatelet,17:00,semaine
chatelet,17:02,semaine
chatelet,17:05,semaine
chatelet,17:07,semaine
chatelet,17:10,semaine
chatelet,17:12,semaine
chatelet,17:15,semaine
chatelet,17:17,semaine
chatelet,17:20,semaine
chatelet,17:22,semaine
chatelet,17:25,semaine
chatelet,17:27,semaine
chatelet,17:30,semaine
chatelet,17:32,semaine
chatelet,17:35,semaine
chatelet,17:37,semaine
chatelet,17:40,semaine
chatelet,17:42,semaine
chatelet,17:45,semaine
chatelet,17:47,semaine
chatelet,17:50,semaine
chatelet,17:52,semaine
chatelet,17:55,semaine
chatelet,17:57,semaine
chatelet,18:00,semaine
chatelet,18:02,semaine
chatelet,18:05,semaine
chatelet,18:07,semaine
chatelet,18:10,semaine
chatelet,18:12,semaine
chatelet,18:15,semaine
chatelet,18:17,semaine
chatelet,18:20,semaine
chatelet,18:22,semaine
chatelet,18:25,semaine
chatelet,18:27,semaine
chatelet,18:30,semaine
chatelet,18:32,semaine
chatelet,18:35,semaine
chatelet,18:37,semaine
chatelet,18:40,semaine
chatelet,18:42,semaine
chatelet,18:45,semaine
chatelet,18:47,semaine
chatelet,18:50,semaine
chatelet,18:52,semaine
chatelet,18:55,semaine
chatelet,18:57,semaine
chatelet,19:00,semaine
chatelet,19:02,semaine
chatelet,19:05,semaine
chatelet,19:07,semaine
chatelet,19:10,semaine
chatelet,19:12,semaine
chatelet,19:15,semaine
chatelet,19:17,semaine
chatelet,19:20,semaine
chatelet,19:22,semaine
chatelet,19:25,semaine
chatelet,19:27,semaine
chatelet,19:30,semaine
chatelet,19:32,semaine
chatelet,19:35,semaine
chatelet,19:37,semaine
chatelet,19:40,semaine
chatelet,19:42,semaine
chatelet,19:45,semaine
chatelet,19:49,semaine
chatelet,19:52,semaine
chatelet,19:56,semaine
chatelet,19:59,semaine
chatelet,20:02,semaine
chatelet,20:06,semaine
chatelet,20:11,semaine
chatelet,20:14,semaine
chatelet,20:17,semaine
chatelet,20:21,semaine
chatelet,20:26,semaine
chatelet,20:31,semaine
chatelet,20:36,semaine
chatelet,20:41,semaine
chatelet,20:46,semaine
chatelet,20:51,semaine
chatelet,20:56,semaine
chatelet,21:01,semaine
chatelet,21:06,semaine
chatelet,21:11,semaine
chatelet,21:16,semaine
chatelet,21:21,semaine
chatelet,21:26,semaine
chatelet,21:31,semaine
chatelet,21:38,semaine
chatelet,21:46,semaine
chatelet,21:53,semaine
chatelet,22:01,semaine
chatelet,22:08,semaine
chatelet,22:16,semaine
chatelet,22:23,semaine
chatelet,22:31,semaine
chatelet,22:38,semaine
chatelet,22:46,semaine
chatelet,22:53,semaine
chatelet,23:01,semaine
chatelet,23:08,semaine
chatelet,23:16,semaine
chatelet,23:23,semaine
chatelet,23:31,semaine
chatelet,23:38,semaine
chatelet,23:46,semaine
chatelet,23:53,semaine
chatelet,0:01,semaine
chatelet,0:07,semaine
chatelet,0:14,semaine
chatelet,0:20,semaine
chatelet,0:26,semaine
chatelet,0:33,semaine
chatelet,0:41,semaine
chatelet,0:46,semaine
chatelet,0:56,semaine
chatelet,1:03,semaine
auber,5:35,ferie
auber,5:42,ferie
auber,5:50,ferie
auber,5:57,ferie
auber,6:05,ferie
auber,6:11,ferie
auber,6:20,ferie
auber,6:27,ferie
auber,6:35,ferie
auber,6:42,ferie
auber,6:50,ferie
auber,6:57,ferie
auber,7:05,ferie
auber,7:12,ferie
auber,7:20,ferie
auber,7:27,ferie
auber,7:34,ferie
auber,7:40,ferie
auber,7:45,ferie
auber,7:50,ferie
auber,7:55,ferie
auber,8:00,ferie
auber,8:05,ferie
auber,8:10,ferie
auber,8:15,ferie
auber,8:20,ferie
auber,8:25,ferie
auber,8:30,ferie
auber,8:35,ferie
auber,8:40,ferie
auber,8:45,ferie
auber,8:50,ferie
auber,8:55,ferie
auber,9:00,ferie
auber,9:05,ferie
auber,9:10,ferie
auber,9:15,ferie
auber,9:20,ferie
auber,9:25,ferie
auber,9:30,ferie
auber,9:35,ferie
auber,9:40,ferie
auber,9:45,ferie
auber,9:50,ferie
auber,9:55,ferie
auber,10:00,ferie
auber,10:05,ferie
auber,10:10,ferie
auber,10:15,ferie
auber,10:20,ferie
auber,10:25,ferie
auber,10:30,ferie
auber,10:35,ferie
auber,10:40,ferie
auber,10:45,ferie
auber,10:50,ferie
auber,10:55,ferie
auber,11:00,ferie
auber,11:05,ferie
auber,11:10,ferie
auber,11:15,ferie
auber,11:20,ferie
auber,11:25,ferie
auber,11:30,ferie
auber,11:35,ferie
auber,11:40,ferie
auber,11:45,ferie
auber,11:50,ferie
auber,11:55,ferie
auber,12:00,ferie
auber,12:05,ferie
auber,12:10,ferie
auber,12:15,ferie
auber,12:20,ferie
auber,12:25,ferie
auber,12:30,ferie
auber,12:35,ferie
auber,12:40,ferie
auber,12:45,ferie
auber,12:50,ferie
auber,12:55,ferie
auber,13:00,ferie
auber,13:05,ferie
auber,13:10,ferie
auber,13:15,ferie
auber,13:20,ferie
auber,13:25,ferie
auber,13:30,ferie
auber,13:35,ferie
auber,13:40,ferie
auber,13:45,ferie
auber,13:50,ferie
auber,13:55,ferie
auber,14:00,ferie
auber,14:05,ferie
auber,14:10,ferie
auber,14:15,ferie
auber,14:20,ferie
auber,14:25,ferie
auber,14:30,ferie
auber,14:35,ferie
auber,14:40,ferie
auber,14:45,ferie
auber,14:50,ferie
auber,14:55,ferie
auber,15:00,ferie
auber,15:05,ferie
auber,15:10,ferie
auber,15:15,ferie
auber,15:20,ferie
auber,15:25,ferie
auber,15:30,ferie
auber,15:35,ferie
auber,15:40,ferie
auber,15:45,ferie
auber,15:50,ferie
auber,15:55,ferie
auber,16:00,ferie
auber,16:05,ferie
auber,16:10,ferie
auber,16:15,ferie
auber,16:20,ferie
auber,16:25,ferie
auber,16:30,ferie
auber,16:35,ferie
auber,16:40,ferie
auber,16:45,ferie
auber,16:50,ferie
auber,16:55,ferie
auber,17:00,ferie
auber,17:05,ferie
auber,17:10,ferie
auber,17:15,ferie
auber,17:20,ferie
auber,17:25,ferie
auber,17:30,ferie
auber,17:35,ferie
auber,17:40,ferie
auber,17:45,ferie
auber,17:50,ferie
auber,17:55,ferie
auber,18:00,ferie
auber,18:05,ferie
auber,18:10,ferie
auber,18:15,ferie
auber,18:20,ferie
auber,18:25,ferie
auber,18:30,ferie
auber,18:35,ferie
auber,18:40,ferie
auber,18:45,ferie
auber,18:50,ferie
auber,18:55,ferie
auber,19:00,ferie
auber,19:05,ferie
auber,19:10,ferie
auber,19:15,ferie
auber,19:20,ferie
auber,19:25,ferie
auber,19:30,ferie
auber,19:35,ferie
auber,19:40,ferie
auber,19:45,ferie
auber,19:50,ferie
auber,19:55,ferie
auber,20:01,ferie
auber,20:08,ferie
auber,20:15,ferie
auber,20:22,ferie
auber,20:29,ferie
auber,20:37,ferie
auber,20:44,ferie
auber,20:52,ferie
auber,20:59,ferie
auber,21:07,ferie
auber,21:14,ferie
auber,21:22,ferie
auber,21:29,ferie
auber,21:37,ferie
auber,21:44,ferie
auber,21:52,ferie
auber,21:59,ferie
auber,22:07,ferie
auber,22:14,ferie
auber,22:22,ferie
auber,22:29,ferie
auber,22:37,ferie
auber,22:44,ferie
auber,22:52,ferie
auber,22:59,ferie
auber,23:07,ferie
auber,23:14,ferie
auber,23:22,ferie
auber,23:29,ferie
auber,23:37,ferie
auber,23:44,ferie
auber,23:52,ferie
auber,23:59,ferie
auber,0:07,ferie
auber,0:14,ferie
auber,0:22,ferie
auber,0:29,ferie
auber,0:36,ferie
auber,0:43,ferie
auber,0:49,ferie
auber,0:58,ferie
auber,1:04,ferie
chatelet,5:32,ferie
chatelet,5:40,ferie
chatelet,5:47,ferie
chatelet,5:55,ferie
chatelet,6:02,ferie
chatelet,6:09,ferie
chatelet,6:17,ferie
chatelet,6:25,ferie
chatelet,6:32,ferie
chatelet,6:40,ferie
chatelet,6:47,ferie
chatelet,6:55,ferie
chatelet,7:02,ferie
chatelet,7:10,ferie
chatelet,7:17,ferie
chatelet,7:25,ferie
chatelet,7:31,ferie
chatelet,7:38,ferie
chatelet,7:43,ferie
chatelet,7:48,ferie
chatelet,7:53,ferie
chatelet,7:58,ferie
chatelet,8:03,ferie
chatelet,8:08,ferie
chatelet,8:13,ferie
chatelet,8:18,ferie
chatelet,8:23,ferie
chatelet,8:28,ferie
chatelet,8:33,ferie
chatelet,8:38,ferie
chatelet,8:43,ferie
chatelet,8:48,ferie
chatelet,8:53,ferie
chatelet,8:58,ferie
chatelet,9:03,ferie
chatelet,9:08,ferie
chatelet,9:13,ferie
chatelet,9:18,ferie
chatelet,9:23,ferie
chatelet,9:28,ferie
chatelet,9:33,ferie
chatelet,9:38,ferie
chatelet,9:43,ferie
chatelet,9:48,ferie
chatelet,9:53,ferie
chatelet,9:58,ferie
chatelet,10:03,ferie
chatelet,10:08,ferie
chatelet,10:13,ferie
chatelet,10:18,ferie
chatelet,10:23,ferie
chatelet,10:28,ferie
chatelet,10:33,ferie
chatelet,10:38,ferie
chatelet,10:43,ferie
chatelet,10:48,ferie
chatelet,10:53,ferie
chatelet,10:58,ferie
chatelet,11:03,ferie
chatelet,11:08,ferie
chatelet,11:13,ferie
chatelet,11:18,ferie
chatelet,11:23,ferie
chatelet,11:28,ferie
chatelet,11:33,ferie
chatelet,11:38,ferie
chatelet,11:43,ferie
chatelet,11:48,ferie
chatelet,11:53,ferie
chatelet,11:58,ferie
chatelet,12:03,ferie
chatelet,12:08,ferie
chatelet,12:13,ferie
chatelet,12:18,ferie
chatelet,12:23,ferie
chatelet,12:28,ferie
chatelet,12:33,ferie
chatelet,12:38,ferie
chatelet,12:43,ferie
chatelet,12:48,ferie
chatelet,12:53,ferie
chatelet,12:58,ferie
chatelet,13:03,ferie
chatelet,13:08,ferie
chatelet,13:13,ferie
chatelet,13:18,ferie
chatelet,13:23,ferie
chatelet,13:28,ferie
chatelet,13:33,ferie
chatelet,13:38,ferie
chatelet,13:43,ferie
chatelet,13:48,ferie
chatelet,13:53,ferie
chatelet,13:58,ferie
chatelet,14:03,ferie
chatelet,14:08,ferie
chatelet,14:13,ferie
chatelet,14:18,ferie
chatelet,14:23,ferie
chatelet,14:28,ferie
chatelet,14:33,ferie
chatelet,14:38,ferie
chatelet,14:43,ferie
chatelet,14:48,ferie
chatelet,14:53,ferie
chatelet,14:58,ferie
chatelet,15:03,ferie
chatelet,15:08,ferie
chatelet,15:13,ferie
chatelet,15:18,ferie
chatelet,15:23,ferie
chatelet,15:28,ferie
chatelet,15:33,ferie
chatelet,15:38,ferie
chatelet,15:43,ferie
chatelet,15:48,ferie
chatelet,15:53,ferie
chatelet,15:58,ferie
chatelet,16:03,ferie
chatelet,16:08,ferie
chatelet,16:13,ferie
chatelet,16:18,ferie
chatelet,16:23,ferie
chatelet,16:28,ferie
chatelet,16:33,ferie
chatelet,16:38,ferie
chatelet,16:43,ferie
chatelet,16:48,ferie
chatelet,16:53,ferie
chatelet,16:58,ferie
chatelet,17:03,ferie
chatelet,17:08,ferie
chatelet,17:13,ferie
chatelet,17:18,ferie
chatelet,17:23,ferie
chatelet,17:28,ferie
chatelet,17:33,ferie
chatelet,17:38,ferie
chatelet,17:43,ferie
chatelet,17:48,ferie
chatelet,17:53,ferie
chatelet,17:58,ferie
chatelet,18:03,ferie
chatelet,18:08,ferie
chatelet,18:13,ferie
chatelet,18:18,ferie
chatelet,18:23,ferie
chatelet,18:28,ferie
chatelet,18:33,ferie
chatelet,18:38,ferie
chatelet,18:43,ferie
chatelet,18:48,ferie
chatelet,18:53,ferie
chatelet,18:58,ferie
chatelet,19:03,ferie
chatelet,19:08,ferie
chatelet,19:13,ferie
chatelet,19:18,ferie
chatelet,19:23,ferie
chatelet,19:28,ferie
chatelet,19:33,ferie
chatelet,19:38,ferie
chatelet,19:43,ferie
chatelet,19:48,ferie
chatelet,19:53,ferie
chatelet,19:59,ferie
chatelet,20:05,ferie
chatelet,20:13,ferie
chatelet,20:19,ferie
chatelet,20:27,ferie
chatelet,20:34,ferie
chatelet,20:42,ferie
chatelet,20:49,ferie
chatelet,20:57,ferie
chatelet,21:05,ferie
chatelet,21:12,ferie
chatelet,21:20,ferie
chatelet,21:27,ferie
chatelet,21:35,ferie
chatelet,21:42,ferie
chatelet,21:50,ferie
chatelet,21:57,ferie
chatelet,22:05,ferie
chatelet,22:12,ferie
chatelet,22:20,ferie
chatelet,22:27,ferie
chatelet,22:35,ferie
chatelet,22:42,ferie
chatelet,22:50,ferie
chatelet,22:57,ferie
chatelet,23:05,ferie
chatelet,23:12,ferie
chatelet,23:20,ferie
chatelet,23:27,ferie
chatelet,23:35,ferie
chatelet,23:42,ferie
chatelet,23:50,ferie
chatelet,23:57,ferie
chatelet,0:05,ferie
chatelet,0:12,ferie
chatelet,0:20,ferie
chatelet,0:27,ferie
chatelet,0:33,ferie
chatelet,0:41,ferie
chatelet,0:47,ferie
chatelet,0:56,ferie
chatelet,1:01,ferie
